{
  "resource": "/",
  "path": "/",
  "httpMethod": "GET",
  "requestContext": {
      "resourcePath": "/",
      "httpMethod": "PUT",
      "path": "/Prod/"
      
  },
  "headers": {
      "accept": "text/html,application/xhtml+xml,application/xml;q=0.9,image/webp,image/apng,*/*;q=0.8,application/signed-exchange;v=b3;q=0.9",
      "accept-encoding": "gzip, deflate, br",
      "Host": "70ixmpl4fl.execute-api.us-east-2.amazonaws.com",
      "User-Agent": "Mozilla/5.0 (Windows NT 10.0; Win64; x64) AppleWebKit/537.36 (KHTML, like Gecko) Chrome/80.0.3987.132 Safari/537.36",
      "X-Amzn-Trace-Id": "Root=1-5e66d96f-7491f09xmpl79d18acf3d050"
      
  },
  "multiValueHeaders": {
      "accept": [
          "text/html,application/xhtml+xml,application/xml;q=0.9,image/webp,image/apng,*/*;q=0.8,application/signed-exchange;v=b3;q=0.9"
      ],
      "accept-encoding": [
          "gzip, deflate, br"
      ]
      
  },
  "queryStringParameters": null,
  "multiValueQueryStringParameters": null,
  "pathParameters": null,
  "stageVariables": null,
  "body":     {
    "name": "grangesberg",
    "tags": ["Country", "animals", "road"],
    "status": "uploaded",
    "access": "public",
    "originFile": "users/543524134233/geotiff/odm_orthophoto.original.tif",
    "mapid": "12345-12345-12345-12345",
    "accessid": "1234-1234-1234-1234",
    "action" : "makingMap"
    
},
  "isBase64Encoded": false
}
